player,club,clubLabel,apps,start,end
http://www.wikidata.org/entity/Q700357,http://www.wikidata.org/entity/Q131209,FK Austria Vienne,13.0,2013-01-01T00:00:00Z,2014-01-01T00:00:00Z
http://www.wikidata.org/entity/Q700357,http://www.wikidata.org/entity/Q15786,1. FC Nuremberg,4.0,2010-01-01T00:00:00Z,2012-01-01T00:00:00Z
http://www.wikidata.org/entity/Q700357,http://www.wikidata.org/entity/Q163534,équipe d'Autriche de football,,2008-01-01T00:00:00Z,
http://www.wikidata.org/entity/Q700357,http://www.wikidata.org/entity/Q131209,FK Austria Vienne,55.0,2005-01-01T00:00:00Z,2007-01-01T00:00:00Z
http://www.wikidata.org/entity/Q700357,http://www.wikidata.org/entity/Q302967,équipe d'Autriche de football des moins de 20 ans,9.0,2006-01-01T00:00:00Z,2007-01-01T00:00:00Z
http://www.wikidata.org/entity/Q700357,http://www.wikidata.org/entity/Q4545849,FC Nuremberg II,7.0,2010-01-01T00:00:00Z,2012-01-01T00:00:00Z
http://www.wikidata.org/entity/Q700357,http://www.wikidata.org/entity/Q302977,équipe d'Autriche de football des moins de 19 ans,13.0,2005-01-01T00:00:00Z,2006-01-01T00:00:00Z
http://www.wikidata.org/entity/Q700357,http://www.wikidata.org/entity/Q124007617,SK Sturm Graz,43.0,2012-01-01T00:00:00Z,2013-01-01T00:00:00Z
http://www.wikidata.org/entity/Q700357,http://www.wikidata.org/entity/Q138248,K Saint-Trond VV,9.0,2011-01-01T00:00:00Z,2012-01-01T00:00:00Z
http://www.wikidata.org/entity/Q700357,http://www.wikidata.org/entity/Q131209,FK Austria Vienne,57.0,2007-01-01T00:00:00Z,2010-01-01T00:00:00Z
http://www.wikidata.org/entity/Q700357,http://www.wikidata.org/entity/Q131603,TSV Munich 1860,,2014-01-01T00:00:00Z,
http://www.wikidata.org/entity/Q700357,http://www.wikidata.org/entity/Q3511548,SønderjyskE,15.0,2014-01-01T00:00:00Z,2014-01-01T00:00:00Z
http://www.wikidata.org/entity/Q701256,http://www.wikidata.org/entity/Q124007617,SK Sturm Graz,101.0,1998-01-01T00:00:00Z,2001-01-01T00:00:00Z
http://www.wikidata.org/entity/Q701256,http://www.wikidata.org/entity/Q163534,équipe d'Autriche de football,56.0,1995-01-01T00:00:00Z,2005-01-01T00:00:00Z
http://www.wikidata.org/entity/Q701256,http://www.wikidata.org/entity/Q51974,Hambourg SV,40.0,1996-01-01T00:00:00Z,1998-01-01T00:00:00Z
http://www.wikidata.org/entity/Q701256,http://www.wikidata.org/entity/Q204220,Red Bulls de New York,10.0,2006-01-01T00:00:00Z,2007-01-01T00:00:00Z
http://www.wikidata.org/entity/Q701256,http://www.wikidata.org/entity/Q6651,Brescia Calcio,80.0,2001-01-01T00:00:00Z,2005-01-01T00:00:00Z
http://www.wikidata.org/entity/Q701256,http://www.wikidata.org/entity/Q124007617,SK Sturm Graz,102.0,1991-01-01T00:00:00Z,1996-01-01T00:00:00Z
http://www.wikidata.org/entity/Q701256,http://www.wikidata.org/entity/Q994811,Red Bull Salzbourg,31.0,2005-01-01T00:00:00Z,2006-01-01T00:00:00Z
http://www.wikidata.org/entity/Q703003,http://www.wikidata.org/entity/Q19523,AS Nancy-Lorraine,6.0,1998-01-01T00:00:00Z,1998-01-01T00:00:00Z
http://www.wikidata.org/entity/Q703003,http://www.wikidata.org/entity/Q130582,équipe de Chine de football,,1997-01-01T00:00:00Z,2007-01-01T00:00:00Z
http://www.wikidata.org/entity/Q703003,http://www.wikidata.org/entity/Q1046367,Shandong Taishan Football Club,151.0,2004-01-01T00:00:00Z,2010-01-01T00:00:00Z
http://www.wikidata.org/entity/Q703003,http://www.wikidata.org/entity/Q430307,Liaoning Yuandong,100.0,1998-01-01T00:00:00Z,2003-01-01T00:00:00Z
http://www.wikidata.org/entity/Q703003,http://www.wikidata.org/entity/Q19523,AS Nancy-Lorraine,6.0,1999-01-01T00:00:00Z,1999-01-01T00:00:00Z
http://www.wikidata.org/entity/Q703229,http://www.wikidata.org/entity/Q15786,1. FC Nuremberg,100.0,1988-01-01T00:00:00Z,1992-01-01T00:00:00Z
http://www.wikidata.org/entity/Q703229,http://www.wikidata.org/entity/Q101859,VfL Wolfsburg,2.0,2000-01-01T00:00:00Z,2001-01-01T00:00:00Z
http://www.wikidata.org/entity/Q703229,http://www.wikidata.org/entity/Q43310,équipe d'Allemagne de football,6.0,1992-01-01T00:00:00Z,1994-01-01T00:00:00Z
http://www.wikidata.org/entity/Q703229,http://www.wikidata.org/entity/Q8466,1. FC Kaiserslautern,200.0,1992-01-01T00:00:00Z,2000-01-01T00:00:00Z
http://www.wikidata.org/entity/Q703229,http://www.wikidata.org/entity/Q314851,équipe d'Allemagne espoirs de football,2.0,1989-01-01T00:00:00Z,1989-01-01T00:00:00Z
http://www.wikidata.org/entity/Q703757,http://www.wikidata.org/entity/Q131603,TSV Munich 1860,112.0,1999-01-01T00:00:00Z,2003-01-01T00:00:00Z
http://www.wikidata.org/entity/Q703757,http://www.wikidata.org/entity/Q32494,FC Schalke 04,109.0,1995-01-01T00:00:00Z,1999-01-01T00:00:00Z
http://www.wikidata.org/entity/Q703757,http://www.wikidata.org/entity/Q142005,FC Hansa Rostock,33.0,2003-01-01T00:00:00Z,2004-01-01T00:00:00Z
http://www.wikidata.org/entity/Q703757,http://www.wikidata.org/entity/Q162370,1. FC Recklinghausen,,1987-01-01T00:00:00Z,1989-01-01T00:00:00Z
http://www.wikidata.org/entity/Q703757,http://www.wikidata.org/entity/Q101959,Borussia Mönchengladbach,142.0,1989-01-01T00:00:00Z,1995-01-01T00:00:00Z
http://www.wikidata.org/entity/Q703757,http://www.wikidata.org/entity/Q43310,équipe d'Allemagne de football,1.0,2002-01-01T00:00:00Z,2002-01-01T00:00:00Z
http://www.wikidata.org/entity/Q704086,http://www.wikidata.org/entity/Q5423733,FK Vereya Stara Zagora,44.0,2017-01-01T00:00:00Z,2018-01-01T00:00:00Z
http://www.wikidata.org/entity/Q704086,http://www.wikidata.org/entity/Q144190,PFK Levski Sofia,29.0,2014-01-01T00:00:00Z,2015-01-01T00:00:00Z
http://www.wikidata.org/entity/Q704086,http://www.wikidata.org/entity/Q290629,Tcherno More Varna,11.0,2014-01-01T00:00:00Z,2014-01-01T00:00:00Z
http://www.wikidata.org/entity/Q704086,http://www.wikidata.org/entity/Q144190,PFK Levski Sofia,,2004-01-01T00:00:00Z,2008-01-01T00:00:00Z
http://www.wikidata.org/entity/Q704086,http://www.wikidata.org/entity/Q180845,équipe de Bulgarie de football,13.0,2006-01-01T00:00:00Z,2011-01-01T00:00:00Z
http://www.wikidata.org/entity/Q704086,http://www.wikidata.org/entity/Q643434,PFC Slavia Sofia,12.0,2016-01-01T00:00:00Z,2016-01-01T00:00:00Z
http://www.wikidata.org/entity/Q704086,http://www.wikidata.org/entity/Q824450,APO Levadiakos,11.0,2015-01-01T00:00:00Z,2016-01-01T00:00:00Z
http://www.wikidata.org/entity/Q704086,http://www.wikidata.org/entity/Q154293,MSV Duisbourg,39.0,2011-01-01T00:00:00Z,2013-01-01T00:00:00Z
http://www.wikidata.org/entity/Q704086,http://www.wikidata.org/entity/Q634701,OFK Botev Vratsa,,2018-01-01T00:00:00Z,
http://www.wikidata.org/entity/Q704086,http://www.wikidata.org/entity/Q597250,Botev Plovdiv,12.0,2013-01-01T00:00:00Z,2013-01-01T00:00:00Z
http://www.wikidata.org/entity/Q704086,http://www.wikidata.org/entity/Q144190,PFK Levski Sofia,69.0,2004-01-01T00:00:00Z,2008-01-01T00:00:00Z
http://www.wikidata.org/entity/Q704086,http://www.wikidata.org/entity/Q651714,équipe de Bulgarie espoirs de football,15.0,2005-01-01T00:00:00Z,2007-01-01T00:00:00Z
http://www.wikidata.org/entity/Q704086,http://www.wikidata.org/entity/Q102720,Hertha BSC,65.0,2008-01-01T00:00:00Z,2011-01-01T00:00:00Z
http://www.wikidata.org/entity/Q704454,http://www.wikidata.org/entity/Q460494,Paniónios GSS,24.0,2011-01-01T00:00:00Z,2012-01-01T00:00:00Z
http://www.wikidata.org/entity/Q704454,http://www.wikidata.org/entity/Q19495,Peterborough United FC,1.0,2006-01-01T00:00:00Z,2006-01-01T00:00:00Z
http://www.wikidata.org/entity/Q704454,http://www.wikidata.org/entity/Q3555496,Panionios,24.0,2011-01-01T00:00:00Z,2012-01-01T00:00:00Z
http://www.wikidata.org/entity/Q704454,http://www.wikidata.org/entity/Q19444,Birmingham City FC,0.0,2005-01-01T00:00:00Z,2006-01-01T00:00:00Z
http://www.wikidata.org/entity/Q704454,http://www.wikidata.org/entity/Q155186,FC Carl Zeiss Iéna,1.0,2007-01-01T00:00:00Z,2008-01-01T00:00:00Z
http://www.wikidata.org/entity/Q704454,http://www.wikidata.org/entity/Q1417164,Olympiakos Volos,8.0,2014-01-01T00:00:00Z,2014-01-01T00:00:00Z
http://www.wikidata.org/entity/Q704454,http://www.wikidata.org/entity/Q9426,Stevenage FC,1.0,2010-01-01T00:00:00Z,2010-01-01T00:00:00Z
http://www.wikidata.org/entity/Q704454,http://www.wikidata.org/entity/Q11886212,PK-35 Vantaa,,2016-01-01T00:00:00Z,
http://www.wikidata.org/entity/Q704454,http://www.wikidata.org/entity/Q24711,FC Groningue,0.0,2006-01-01T00:00:00Z,2006-01-01T00:00:00Z
http://www.wikidata.org/entity/Q704454,http://www.wikidata.org/entity/Q614987,équipe de Finlande espoirs de football,8.0,2004-01-01T00:00:00Z,2004-01-01T00:00:00Z
http://www.wikidata.org/entity/Q704454,http://www.wikidata.org/entity/Q8455,FC Pro Verceil 1892,8.0,2014-01-01T00:00:00Z,2014-01-01T00:00:00Z
http://www.wikidata.org/entity/Q704454,http://www.wikidata.org/entity/Q335483,Dundee FC,3.0,2010-01-01T00:00:00Z,2010-01-01T00:00:00Z
http://www.wikidata.org/entity/Q704454,http://www.wikidata.org/entity/Q186532,équipe de Finlande de football,12.0,2005-01-01T00:00:00Z,2013-01-01T00:00:00Z
http://www.wikidata.org/entity/Q704454,http://www.wikidata.org/entity/Q757754,Atromitos Football Club,24.0,2012-01-01T00:00:00Z,2013-01-01T00:00:00Z
http://www.wikidata.org/entity/Q704454,http://www.wikidata.org/entity/Q155186,FC Carl Zeiss Iéna,1.0,2006-01-01T00:00:00Z,2007-01-01T00:00:00Z
http://www.wikidata.org/entity/Q704454,http://www.wikidata.org/entity/Q19449,Blackpool FC,4.0,2006-01-01T00:00:00Z,2006-01-01T00:00:00Z
http://www.wikidata.org/entity/Q704454,http://www.wikidata.org/entity/Q223813,TPS Turku,21.0,2011-01-01T00:00:00Z,2011-01-01T00:00:00Z
http://www.wikidata.org/entity/Q704454,http://www.wikidata.org/entity/Q19449,Blackpool FC,4.0,2005-01-01T00:00:00Z,2006-01-01T00:00:00Z
http://www.wikidata.org/entity/Q704454,http://www.wikidata.org/entity/Q476880,Football Club Lahti,53.0,2002-01-01T00:00:00Z,2005-01-01T00:00:00Z
http://www.wikidata.org/entity/Q704454,http://www.wikidata.org/entity/Q1387222,FC Jokerit,0.0,2001-01-01T00:00:00Z,2001-01-01T00:00:00Z
http://www.wikidata.org/entity/Q704454,http://www.wikidata.org/entity/Q692755,SG Sonnenhof Großaspach,7.0,2015-01-01T00:00:00Z,2015-01-01T00:00:00Z
http://www.wikidata.org/entity/Q704454,http://www.wikidata.org/entity/Q155452,TuS Coblence,52.0,2008-01-01T00:00:00Z,2010-01-01T00:00:00Z
http://www.wikidata.org/entity/Q704688,http://www.wikidata.org/entity/Q1705764,Deportivo de La Coruña B,,1950-01-01T00:00:00Z,1951-01-01T00:00:00Z
http://www.wikidata.org/entity/Q704688,http://www.wikidata.org/entity/Q3325336,Bergantiños FC,,1948-01-01T00:00:00Z,1950-01-01T00:00:00Z
http://www.wikidata.org/entity/Q704688,http://www.wikidata.org/entity/Q8812,Grenade CF,109.0,1958-01-01T00:00:00Z,1964-01-01T00:00:00Z
http://www.wikidata.org/entity/Q704688,http://www.wikidata.org/entity/Q271574,Real Oviedo,39.0,1964-01-01T00:00:00Z,1965-01-01T00:00:00Z
http://www.wikidata.org/entity/Q704688,http://www.wikidata.org/entity/Q576285,Albacete Balompié,,1965-01-01T00:00:00Z,1966-01-01T00:00:00Z
http://www.wikidata.org/entity/Q704688,http://www.wikidata.org/entity/Q576285,Albacete Balompié,4.0,1961-01-01T00:00:00Z,
http://www.wikidata.org/entity/Q704688,http://www.wikidata.org/entity/Q10329,Sevilla Fútbol Club,8.0,1957-01-01T00:00:00Z,1958-01-01T00:00:00Z
http://www.wikidata.org/entity/Q704688,http://www.wikidata.org/entity/Q8760,Deportivo LC,141.0,1951-01-01T00:00:00Z,1957-01-01T00:00:00Z
http://www.wikidata.org/entity/Q705456,http://www.wikidata.org/entity/Q7055473,North Geelong Warriors,1.0,2004-01-01T00:00:00Z,2004-01-01T00:00:00Z
http://www.wikidata.org/entity/Q705456,http://www.wikidata.org/entity/Q79380,Hangzhou Greentown,,2015-01-01T00:00:00Z,
http://www.wikidata.org/entity/Q705456,http://www.wikidata.org/entity/Q218883,Urawa Red Diamonds,13.0,2010-01-01T00:00:00Z,2010-01-01T00:00:00Z
http://www.wikidata.org/entity/Q705456,http://www.wikidata.org/entity/Q268208,équipe d'Australie de football,,2008-01-01T00:00:00Z,
http://www.wikidata.org/entity/Q705456,http://www.wikidata.org/entity/Q15786,1. FC Nuremberg,24.0,2007-01-01T00:00:00Z,2011-01-01T00:00:00Z
http://www.wikidata.org/entity/Q705456,http://www.wikidata.org/entity/Q4545849,FC Nuremberg II,13.0,2009-01-01T00:00:00Z,2009-01-01T00:00:00Z
http://www.wikidata.org/entity/Q705456,http://www.wikidata.org/entity/Q3873546,équipe d'Australie de football des moins de 20 ans,14.0,2006-01-01T00:00:00Z,2006-01-01T00:00:00Z
http://www.wikidata.org/entity/Q705456,http://www.wikidata.org/entity/Q3589754,équipe d'Australie de football des moins de 17 ans,17.0,2004-01-01T00:00:00Z,2005-01-01T00:00:00Z
http://www.wikidata.org/entity/Q705456,http://www.wikidata.org/entity/Q3589775,équipe d'Australie de football des moins de 23 ans,8.0,2007-01-01T00:00:00Z,2008-01-01T00:00:00Z
http://www.wikidata.org/entity/Q705456,http://www.wikidata.org/entity/Q283760,Al-Arabi SC,13.0,2012-01-01T00:00:00Z,2013-01-01T00:00:00Z
http://www.wikidata.org/entity/Q705456,http://www.wikidata.org/entity/Q999035,Western Sydney Wanderers Football Club,29.0,2013-01-01T00:00:00Z,2015-01-01T00:00:00Z
http://www.wikidata.org/entity/Q705456,http://www.wikidata.org/entity/Q218883,Urawa Red Diamonds,25.0,2011-01-01T00:00:00Z,2012-01-01T00:00:00Z
http://www.wikidata.org/entity/Q705931,http://www.wikidata.org/entity/Q24680,FC Utrecht,26.0,1996-01-01T00:00:00Z,1997-01-01T00:00:00Z
http://www.wikidata.org/entity/Q705931,http://www.wikidata.org/entity/Q81888,Ajax Amsterdam,3.0,1992-01-01T00:00:00Z,1993-01-01T00:00:00Z
http://www.wikidata.org/entity/Q705931,http://www.wikidata.org/entity/Q332642,NAC Breda,72.0,1993-01-01T00:00:00Z,1996-01-01T00:00:00Z
http://www.wikidata.org/entity/Q705931,http://www.wikidata.org/entity/Q102720,Hertha BSC,245.0,1997-01-01T00:00:00Z,2007-01-01T00:00:00Z
http://www.wikidata.org/entity/Q705931,http://www.wikidata.org/entity/Q81888,Ajax Amsterdam,3.0,1993-01-01T00:00:00Z,1993-01-01T00:00:00Z
http://www.wikidata.org/entity/Q706028,http://www.wikidata.org/entity/Q846368,UMF Grindavík,7.0,2003-01-01T00:00:00Z,2003-01-01T00:00:00Z
http://www.wikidata.org/entity/Q706028,http://www.wikidata.org/entity/Q1110944,équipe d'Angleterre de football B,1.0,1992-01-01T00:00:00Z,1992-01-01T00:00:00Z
http://www.wikidata.org/entity/Q706028,http://www.wikidata.org/entity/Q48879,Bradford City Association Football Club,47.0,1999-01-01T00:00:00Z,2002-01-01T00:00:00Z
http://www.wikidata.org/entity/Q706028,http://www.wikidata.org/entity/Q48879,Bradford City Association Football Club,9.0,1999-01-01T00:00:00Z,1999-01-01T00:00:00Z
http://www.wikidata.org/entity/Q706028,http://www.wikidata.org/entity/Q1457,UC Sampdoria,3.0,1998-01-01T00:00:00Z,1999-01-01T00:00:00Z
http://www.wikidata.org/entity/Q706028,http://www.wikidata.org/entity/Q47762,équipe d'Angleterre de football,8.0,1991-01-01T00:00:00Z,1995-01-01T00:00:00Z
http://www.wikidata.org/entity/Q706028,http://www.wikidata.org/entity/Q48939,Exeter City FC,4.0,2002-01-01T00:00:00Z,2002-01-01T00:00:00Z
http://www.wikidata.org/entity/Q706028,http://www.wikidata.org/entity/Q204238,équipe d'Angleterre espoirs de football,8.0,1989-01-01T00:00:00Z,1990-01-01T00:00:00Z
http://www.wikidata.org/entity/Q706028,http://www.wikidata.org/entity/Q19604,Portsmouth FC,17.0,2001-01-01T00:00:00Z,2001-01-01T00:00:00Z
http://www.wikidata.org/entity/Q706028,http://www.wikidata.org/entity/Q1128631,Leeds United,30.0,1996-01-01T00:00:00Z,1999-01-01T00:00:00Z
http://www.wikidata.org/entity/Q706028,http://www.wikidata.org/entity/Q18656,Manchester United FC,193.0,1988-01-01T00:00:00Z,1996-01-01T00:00:00Z
http://www.wikidata.org/entity/Q706028,http://www.wikidata.org/entity/Q18318,Garforth Town A.F.C.,21.0,2004-01-01T00:00:00Z,2004-01-01T00:00:00Z
http://www.wikidata.org/entity/Q706028,http://www.wikidata.org/entity/Q47965,Torquay United Football Club,14.0,1988-01-01T00:00:00Z,1988-01-01T00:00:00Z
http://www.wikidata.org/entity/Q706113,http://www.wikidata.org/entity/Q5794,Everton FC,103.0,1988-01-01T00:00:00Z,1991-01-01T00:00:00Z
http://www.wikidata.org/entity/Q706113,http://www.wikidata.org/entity/Q19607,Sheffield United FC,71.0,2002-01-01T00:00:00Z,2005-01-01T00:00:00Z
http://www.wikidata.org/entity/Q706113,http://www.wikidata.org/entity/Q1812121,équipe d'Écosse espoirs de football,2.0,1988-01-01T00:00:00Z,1990-01-01T00:00:00Z
http://www.wikidata.org/entity/Q706113,http://www.wikidata.org/entity/Q34044,équipe d'Écosse de football,40.0,1990-01-01T00:00:00Z,1998-01-01T00:00:00Z
http://www.wikidata.org/entity/Q706113,http://www.wikidata.org/entity/Q48879,Bradford City Association Football Club,238.0,1982-01-01T00:00:00Z,1988-01-01T00:00:00Z
http://www.wikidata.org/entity/Q706113,http://www.wikidata.org/entity/Q48879,Bradford City Association Football Club,157.0,1998-01-01T00:00:00Z,2002-01-01T00:00:00Z
http://www.wikidata.org/entity/Q706113,http://www.wikidata.org/entity/Q19597,Rangers FC,194.0,1991-01-01T00:00:00Z,1998-01-01T00:00:00Z
http://www.wikidata.org/entity/Q706191,http://www.wikidata.org/entity/Q201567,IFK Göteborg,55.0,2003-01-01T00:00:00Z,2006-01-01T00:00:00Z
http://www.wikidata.org/entity/Q706191,http://www.wikidata.org/entity/Q160826,équipe de Suède de football,1.0,2006-01-01T00:00:00Z,2006-01-01T00:00:00Z
http://www.wikidata.org/entity/Q706191,http://www.wikidata.org/entity/Q3590410,équipe de Suède des moins de 17 ans de football,6.0,2001-01-01T00:00:00Z,2001-01-01T00:00:00Z
http://www.wikidata.org/entity/Q706191,http://www.wikidata.org/entity/Q2255267,équipe de Suède espoirs de football,17.0,2004-01-01T00:00:00Z,2006-01-01T00:00:00Z
http://www.wikidata.org/entity/Q706191,http://www.wikidata.org/entity/Q931714,Jönköpings Södra IF,,2012-01-01T00:00:00Z,2014-01-01T00:00:00Z
http://www.wikidata.org/entity/Q706191,http://www.wikidata.org/entity/Q931714,Jönköpings Södra IF,36.0,2000-01-01T00:00:00Z,2002-01-01T00:00:00Z
http://www.wikidata.org/entity/Q706191,http://www.wikidata.org/entity/Q201567,IFK Göteborg,26.0,2009-01-01T00:00:00Z,2011-01-01T00:00:00Z
http://www.wikidata.org/entity/Q706191,http://www.wikidata.org/entity/Q193377,Stade Malherbe Caen,7.0,2007-01-01T00:00:00Z,2009-01-01T00:00:00Z
http://www.wikidata.org/entity/Q706191,http://www.wikidata.org/entity/Q19597,Rangers FC,27.0,2006-01-01T00:00:00Z,2007-01-01T00:00:00Z
http://www.wikidata.org/entity/Q706191,http://www.wikidata.org/entity/Q931714,Jönköpings Södra IF,53.0,2012-01-01T00:00:00Z,2014-01-01T00:00:00Z
http://www.wikidata.org/entity/Q706191,http://www.wikidata.org/entity/Q2255212,équipe de Suède des moins de 19 ans de football,2.0,2003-01-01T00:00:00Z,2003-01-01T00:00:00Z
http://www.wikidata.org/entity/Q706390,http://www.wikidata.org/entity/Q335195,Neuchâtel Xamax FCS,34.0,2002-01-01T00:00:00Z,2003-01-01T00:00:00Z
http://www.wikidata.org/entity/Q706390,http://www.wikidata.org/entity/Q155186,FC Carl Zeiss Iéna,1.0,1994-01-01T00:00:00Z,1994-01-01T00:00:00Z
http://www.wikidata.org/entity/Q706390,http://www.wikidata.org/entity/Q187091,FC Wil,21.0,1996-01-01T00:00:00Z,1997-01-01T00:00:00Z
http://www.wikidata.org/entity/Q706390,http://www.wikidata.org/entity/Q33748,Hanovre 96,20.0,2004-01-01T00:00:00Z,2005-01-01T00:00:00Z
http://www.wikidata.org/entity/Q706390,http://www.wikidata.org/entity/Q6110260,Jaboticabal Atlético,8.0,1993-01-01T00:00:00Z,1993-01-01T00:00:00Z
http://www.wikidata.org/entity/Q706390,http://www.wikidata.org/entity/Q1031192,Campinense Clube,,2009-01-01T00:00:00Z,2009-01-01T00:00:00Z
http://www.wikidata.org/entity/Q706390,http://www.wikidata.org/entity/Q3072095,Matsubara,,1994-01-01T00:00:00Z,1994-01-01T00:00:00Z
http://www.wikidata.org/entity/Q706390,http://www.wikidata.org/entity/Q669130,Yverdon-Sport FC,30.0,2007-01-01T00:00:00Z,2008-01-01T00:00:00Z
http://www.wikidata.org/entity/Q706390,http://www.wikidata.org/entity/Q701290,SSV Ulm 1846,50.0,2000-01-01T00:00:00Z,2001-01-01T00:00:00Z
http://www.wikidata.org/entity/Q706390,http://www.wikidata.org/entity/Q190526,Berner Sport Club Young Boys,34.0,2003-01-01T00:00:00Z,2004-01-01T00:00:00Z
http://www.wikidata.org/entity/Q706390,http://www.wikidata.org/entity/Q464775,FC Thoune,18.0,2006-01-01T00:00:00Z,2007-01-01T00:00:00Z
http://www.wikidata.org/entity/Q706390,http://www.wikidata.org/entity/Q478317,Coritiba FC,7.0,2001-01-01T00:00:00Z,2001-01-01T00:00:00Z
http://www.wikidata.org/entity/Q706390,http://www.wikidata.org/entity/Q659212,FC Saint-Gall,32.0,1995-01-01T00:00:00Z,1996-01-01T00:00:00Z
http://www.wikidata.org/entity/Q706390,http://www.wikidata.org/entity/Q309456,FC Lausanne-Sport,12.0,2002-01-01T00:00:00Z,2002-01-01T00:00:00Z
http://www.wikidata.org/entity/Q706390,http://www.wikidata.org/entity/Q669130,Yverdon-Sport FC,85.0,1997-01-01T00:00:00Z,1999-01-01T00:00:00Z
http://www.wikidata.org/entity/Q706390,http://www.wikidata.org/entity/Q3072095,Matsubara,25.0,1995-01-01T00:00:00Z,1995-01-01T00:00:00Z
http://www.wikidata.org/entity/Q706390,http://www.wikidata.org/entity/Q14551982,SSV Ulm 1846 Fußball,44.0,2000-01-01T00:00:00Z,2001-01-01T00:00:00Z
http://www.wikidata.org/entity/Q706390,http://www.wikidata.org/entity/Q201360,Grasshopper Zurich,11.0,2005-01-01T00:00:00Z,2006-01-01T00:00:00Z
http://www.wikidata.org/entity/Q706532,http://www.wikidata.org/entity/Q105844,DSC Arminia Bielefeld,56.0,2002-01-01T00:00:00Z,2005-01-01T00:00:00Z
http://www.wikidata.org/entity/Q706532,http://www.wikidata.org/entity/Q244981,Widzew Łódź,212.0,1993-01-01T00:00:00Z,2001-01-01T00:00:00Z
http://www.wikidata.org/entity/Q706532,http://www.wikidata.org/entity/Q189170,Jagiellonia Białystok,47.0,1990-01-01T00:00:00Z,1993-01-01T00:00:00Z
http://www.wikidata.org/entity/Q706532,http://www.wikidata.org/entity/Q609926,Sportfreunde Siegen,149.0,2005-01-01T00:00:00Z,2011-01-01T00:00:00Z
http://www.wikidata.org/entity/Q706532,http://www.wikidata.org/entity/Q166196,équipe de Pologne de football,2.0,1997-01-01T00:00:00Z,2002-01-01T00:00:00Z
http://www.wikidata.org/entity/Q707048,http://www.wikidata.org/entity/Q6319023,Juventud Unida de Gualeguaychú,,2016-01-01T00:00:00Z,
http://www.wikidata.org/entity/Q707048,http://www.wikidata.org/entity/Q15799,Club Atlético River Plate,12.0,2013-01-01T00:00:00Z,2014-01-01T00:00:00Z
http://www.wikidata.org/entity/Q707048,http://www.wikidata.org/entity/Q218282,CA San Lorenzo,81.0,2007-01-01T00:00:00Z,2013-01-01T00:00:00Z
http://www.wikidata.org/entity/Q707048,http://www.wikidata.org/entity/Q971490,Club Atlético Aldosivi,9.0,2015-01-01T00:00:00Z,2016-01-01T00:00:00Z
http://www.wikidata.org/entity/Q707048,http://www.wikidata.org/entity/Q220621,Argentinos Juniors,6.0,2014-01-01T00:00:00Z,2015-01-01T00:00:00Z
http://www.wikidata.org/entity/Q707048,http://www.wikidata.org/entity/Q15799,Club Atlético River Plate,0.0,2003-01-01T00:00:00Z,2003-01-01T00:00:00Z
http://www.wikidata.org/entity/Q707048,http://www.wikidata.org/entity/Q18744,West Bromwich Albion,7.0,2009-01-01T00:00:00Z,2009-01-01T00:00:00Z
http://www.wikidata.org/entity/Q707048,http://www.wikidata.org/entity/Q101859,VfL Wolfsburg,102.0,2003-01-01T00:00:00Z,2007-01-01T00:00:00Z
http://www.wikidata.org/entity/Q707217,http://www.wikidata.org/entity/Q581423,FC Hradec Králové,24.0,2008-01-01T00:00:00Z,2009-01-01T00:00:00Z
http://www.wikidata.org/entity/Q707217,http://www.wikidata.org/entity/Q3873547,équipe de Tchéquie des moins de 20 ans de football,1.0,2000-01-01T00:00:00Z,2000-01-01T00:00:00Z
http://www.wikidata.org/entity/Q707217,http://www.wikidata.org/entity/Q107818,FC Energie Cottbus,23.0,2003-01-01T00:00:00Z,2004-01-01T00:00:00Z
http://www.wikidata.org/entity/Q707217,http://www.wikidata.org/entity/Q141882,FC Erzgebirge Aue,21.0,2007-01-01T00:00:00Z,2008-01-01T00:00:00Z
http://www.wikidata.org/entity/Q707217,http://www.wikidata.org/entity/Q3590346,équipe de Tchéquie des moins de 17 ans de football,3.0,1997-01-01T00:00:00Z,1997-01-01T00:00:00Z
http://www.wikidata.org/entity/Q707217,http://www.wikidata.org/entity/Q292056,AFK Atlantic Lázně Bohdaneč,14.0,1996-01-01T00:00:00Z,1998-01-01T00:00:00Z
http://www.wikidata.org/entity/Q707217,http://www.wikidata.org/entity/Q33748,Hanovre 96,51.0,2001-01-01T00:00:00Z,2003-01-01T00:00:00Z
http://www.wikidata.org/entity/Q707217,http://www.wikidata.org/entity/Q1439495,MFK Frýdek-Místek,11.0,1998-01-01T00:00:00Z,1998-01-01T00:00:00Z
http://www.wikidata.org/entity/Q707217,http://www.wikidata.org/entity/Q849221,Bohemians 1905,25.0,2009-01-01T00:00:00Z,2012-01-01T00:00:00Z
http://www.wikidata.org/entity/Q707217,http://www.wikidata.org/entity/Q105853,Karlsruher SC,28.0,2005-01-01T00:00:00Z,2007-01-01T00:00:00Z
http://www.wikidata.org/entity/Q707217,http://www.wikidata.org/entity/Q162467,FK Drnovice,,1999-01-01T00:00:00Z,2001-01-01T00:00:00Z
http://www.wikidata.org/entity/Q707217,http://www.wikidata.org/entity/Q33748,Hanovre 96,13.0,2004-01-01T00:00:00Z,2005-01-01T00:00:00Z
http://www.wikidata.org/entity/Q707217,http://www.wikidata.org/entity/Q1464421,équipe de Tchéquie espoirs de football,10.0,2000-01-01T00:00:00Z,2002-01-01T00:00:00Z
http://www.wikidata.org/entity/Q707240,http://www.wikidata.org/entity/Q2768,Torino Football Club,0.0,1993-01-01T00:00:00Z,1993-01-01T00:00:00Z
http://www.wikidata.org/entity/Q707240,http://www.wikidata.org/entity/Q142005,FC Hansa Rostock,45.0,2002-01-01T00:00:00Z,2005-01-01T00:00:00Z
http://www.wikidata.org/entity/Q707240,http://www.wikidata.org/entity/Q153539,SpVgg Greuther Fürth,13.0,1996-01-01T00:00:00Z,1998-01-01T00:00:00Z
http://www.wikidata.org/entity/Q707240,http://www.wikidata.org/entity/Q195765,BSC Old Boys,13.0,1993-01-01T00:00:00Z,1994-01-01T00:00:00Z
http://www.wikidata.org/entity/Q707240,http://www.wikidata.org/entity/Q190526,Berner Sport Club Young Boys,34.0,1994-01-01T00:00:00Z,1996-01-01T00:00:00Z
http://www.wikidata.org/entity/Q707240,http://www.wikidata.org/entity/Q105853,Karlsruher SC,162.0,2005-01-01T00:00:00Z,2011-01-01T00:00:00Z
http://www.wikidata.org/entity/Q707240,http://www.wikidata.org/entity/Q819367,SSV Reutlingen 05,66.0,1998-01-01T00:00:00Z,2002-01-01T00:00:00Z
http://www.wikidata.org/entity/Q708066,http://www.wikidata.org/entity/Q329812,Sporting de Kansas City,19.0,2012-01-01T00:00:00Z,2013-01-01T00:00:00Z
http://www.wikidata.org/entity/Q708066,http://www.wikidata.org/entity/Q575370,Earthquakes de San José,75.0,2009-01-01T00:00:00Z,2011-01-01T00:00:00Z
http://www.wikidata.org/entity/Q708066,http://www.wikidata.org/entity/Q204220,Red Bulls de New York,13.0,2014-01-01T00:00:00Z,2014-01-01T00:00:00Z
http://www.wikidata.org/entity/Q708066,http://www.wikidata.org/entity/Q164134,équipe des États-Unis de football,46.0,2000-01-01T00:00:00Z,2008-01-01T00:00:00Z
http://www.wikidata.org/entity/Q708066,http://www.wikidata.org/entity/Q3590570,équipe des États-Unis de football des moins de 17 ans,6.0,1999-01-01T00:00:00Z,1999-01-01T00:00:00Z
http://www.wikidata.org/entity/Q708066,http://www.wikidata.org/entity/Q327238,Toronto FC,21.0,2013-01-01T00:00:00Z,2013-01-01T00:00:00Z
http://www.wikidata.org/entity/Q708066,http://www.wikidata.org/entity/Q946483,Génération Adidas,2.0,2000-01-01T00:00:00Z,2000-01-01T00:00:00Z
http://www.wikidata.org/entity/Q708066,http://www.wikidata.org/entity/Q238593,D.C. United,89.0,2000-01-01T00:00:00Z,2004-01-01T00:00:00Z
http://www.wikidata.org/entity/Q708066,http://www.wikidata.org/entity/Q287804,équipe des États-Unis de soccer des moins de 20 ans,9.0,2001-01-01T00:00:00Z,2003-01-01T00:00:00Z
http://www.wikidata.org/entity/Q708066,http://www.wikidata.org/entity/Q18729,Reading FC,98.0,2004-01-01T00:00:00Z,2009-01-01T00:00:00Z
http://www.wikidata.org/entity/Q708642,http://www.wikidata.org/entity/Q153539,SpVgg Greuther Fürth,88.0,2007-01-01T00:00:00Z,2010-01-01T00:00:00Z
http://www.wikidata.org/entity/Q708642,http://www.wikidata.org/entity/Q181216,HNK Hajduk Split,26.0,1998-01-01T00:00:00Z,1999-01-01T00:00:00Z
http://www.wikidata.org/entity/Q708642,http://www.wikidata.org/entity/Q592241,Iraklis Thessalonique,23.0,2006-01-01T00:00:00Z,2007-01-01T00:00:00Z
http://www.wikidata.org/entity/Q708642,http://www.wikidata.org/entity/Q101859,VfL Wolfsburg,117.0,1999-01-01T00:00:00Z,2005-01-01T00:00:00Z
http://www.wikidata.org/entity/Q708642,http://www.wikidata.org/entity/Q183525,HNK Trogir,,1994-01-01T00:00:00Z,1995-01-01T00:00:00Z
http://www.wikidata.org/entity/Q708642,http://www.wikidata.org/entity/Q154293,MSV Duisbourg,21.0,2005-01-01T00:00:00Z,2006-01-01T00:00:00Z
http://www.wikidata.org/entity/Q708642,http://www.wikidata.org/entity/Q6954606,NK Uskok,,1997-01-01T00:00:00Z,1998-01-01T00:00:00Z
http://www.wikidata.org/entity/Q708642,http://www.wikidata.org/entity/Q170117,FC Ingolstadt 04,59.0,2011-01-01T00:00:00Z,2013-01-01T00:00:00Z
http://www.wikidata.org/entity/Q708642,http://www.wikidata.org/entity/Q1255000,RNK Split,,1996-01-01T00:00:00Z,1997-01-01T00:00:00Z
http://www.wikidata.org/entity/Q708642,http://www.wikidata.org/entity/Q13416768,GS Iraklis Thessalonique,23.0,2006-01-01T00:00:00Z,2007-01-01T00:00:00Z
http://www.wikidata.org/entity/Q709619,http://www.wikidata.org/entity/Q131215,Rapid Vienne,8.0,2005-01-01T00:00:00Z,2005-01-01T00:00:00Z
http://www.wikidata.org/entity/Q709619,http://www.wikidata.org/entity/Q209640,MŠK Žilina,29.0,1992-01-01T00:00:00Z,1995-01-01T00:00:00Z
http://www.wikidata.org/entity/Q709619,http://www.wikidata.org/entity/Q572526,FK Dukla Banská Bystrica,22.0,1993-01-01T00:00:00Z,1994-01-01T00:00:00Z
http://www.wikidata.org/entity/Q709619,http://www.wikidata.org/entity/Q174512,équipe de Slovaquie de football,27.0,1999-01-01T00:00:00Z,2004-01-01T00:00:00Z
http://www.wikidata.org/entity/Q709619,http://www.wikidata.org/entity/Q194393,SK Slavia Prague,49.0,1997-01-01T00:00:00Z,1999-01-01T00:00:00Z
http://www.wikidata.org/entity/Q709619,http://www.wikidata.org/entity/Q693909,MFK Košice,19.0,1995-01-01T00:00:00Z,1996-01-01T00:00:00Z
http://www.wikidata.org/entity/Q709619,http://www.wikidata.org/entity/Q698702,Admira Wacker,13.0,2005-01-01T00:00:00Z,2005-01-01T00:00:00Z
http://www.wikidata.org/entity/Q709619,http://www.wikidata.org/entity/Q18747,West Ham United FC,13.0,2002-01-01T00:00:00Z,2002-01-01T00:00:00Z
http://www.wikidata.org/entity/Q709619,http://www.wikidata.org/entity/Q459218,FC Spartak Trnava,17.0,2006-01-01T00:00:00Z,2006-01-01T00:00:00Z
http://www.wikidata.org/entity/Q709619,http://www.wikidata.org/entity/Q572526,FK Dukla Banská Bystrica,28.0,1996-01-01T00:00:00Z,1997-01-01T00:00:00Z
http://www.wikidata.org/entity/Q709619,http://www.wikidata.org/entity/Q193481,AC Sparta Prague,25.0,2002-01-01T00:00:00Z,2004-01-01T00:00:00Z
http://www.wikidata.org/entity/Q709619,http://www.wikidata.org/entity/Q193481,AC Sparta Prague,52.0,1999-01-01T00:00:00Z,2001-01-01T00:00:00Z
http://www.wikidata.org/entity/Q709914,http://www.wikidata.org/entity/Q180845,équipe de Bulgarie de football,,2003-01-01T00:00:00Z,
http://www.wikidata.org/entity/Q709914,http://www.wikidata.org/entity/Q180845,équipe de Bulgarie de football,50.0,2004-01-01T00:00:00Z,2011-01-01T00:00:00Z
http://www.wikidata.org/entity/Q709914,http://www.wikidata.org/entity/Q643434,PFC Slavia Sofia,45.0,2012-01-01T00:00:00Z,2014-01-01T00:00:00Z
http://www.wikidata.org/entity/Q709914,http://www.wikidata.org/entity/Q643434,PFC Slavia Sofia,71.0,2001-01-01T00:00:00Z,2005-01-01T00:00:00Z
http://www.wikidata.org/entity/Q709914,http://www.wikidata.org/entity/Q33748,Hanovre 96,66.0,2005-01-01T00:00:00Z,2009-01-01T00:00:00Z
http://www.wikidata.org/entity/Q709914,http://www.wikidata.org/entity/Q388972,Metalurg Donetsk,,2010-01-01T00:00:00Z,
http://www.wikidata.org/entity/Q709914,http://www.wikidata.org/entity/Q388972,Metalurg Donetsk,18.0,2010-01-01T00:00:00Z,2012-01-01T00:00:00Z
http://www.wikidata.org/entity/Q709914,http://www.wikidata.org/entity/Q182930,FK Rostov,25.0,2010-01-01T00:00:00Z,2011-01-01T00:00:00Z
http://www.wikidata.org/entity/Q709914,http://www.wikidata.org/entity/Q154293,MSV Duisbourg,12.0,2009-01-01T00:00:00Z,2009-01-01T00:00:00Z
http://www.wikidata.org/entity/Q710388,http://www.wikidata.org/entity/Q267574,AaB Ålborg,179.0,1996-01-01T00:00:00Z,2003-01-01T00:00:00Z
http://www.wikidata.org/entity/Q710388,http://www.wikidata.org/entity/Q1270152,équipe du Danemark espoirs de football,18.0,1997-01-01T00:00:00Z,1999-01-01T00:00:00Z
http://www.wikidata.org/entity/Q710388,http://www.wikidata.org/entity/Q154293,MSV Duisbourg,77.0,2004-01-01T00:00:00Z,2006-01-01T00:00:00Z
http://www.wikidata.org/entity/Q710388,http://www.wikidata.org/entity/Q11492669,Aalborg BK,179.0,1996-01-01T00:00:00Z,2003-01-01T00:00:00Z
http://www.wikidata.org/entity/Q710388,http://www.wikidata.org/entity/Q332664,Willem II Tilburg,62.0,2006-01-01T00:00:00Z,2008-01-01T00:00:00Z
http://www.wikidata.org/entity/Q710388,http://www.wikidata.org/entity/Q723489,Silkeborg IF,22.0,2009-01-01T00:00:00Z,2011-01-01T00:00:00Z
http://www.wikidata.org/entity/Q710788,http://www.wikidata.org/entity/Q1630430,équipe du Portugal espoirs de football,22.0,2002-01-01T00:00:00Z,2004-01-01T00:00:00Z
http://www.wikidata.org/entity/Q710788,http://www.wikidata.org/entity/Q621259,SC Olhanense,,2015-01-01T00:00:00Z,
http://www.wikidata.org/entity/Q710788,http://www.wikidata.org/entity/Q1772776,équipe du Portugal de football des moins de 20 ans,13.0,2001-01-01T00:00:00Z,2002-01-01T00:00:00Z
http://www.wikidata.org/entity/Q710788,http://www.wikidata.org/entity/Q18659,Swansea City AFC,0.0,2011-01-01T00:00:00Z,2012-01-01T00:00:00Z
http://www.wikidata.org/entity/Q710788,http://www.wikidata.org/entity/Q267245,équipe du Portugal de football,1.0,2009-01-01T00:00:00Z,2009-01-01T00:00:00Z
http://www.wikidata.org/entity/Q710788,http://www.wikidata.org/entity/Q267245,équipe du Portugal de football,22.0,2002-01-01T00:00:00Z,2004-01-01T00:00:00Z
http://www.wikidata.org/entity/Q710788,http://www.wikidata.org/entity/Q240783,Omonia Nicosie,62.0,2013-01-01T00:00:00Z,2015-01-01T00:00:00Z
http://www.wikidata.org/entity/Q710788,http://www.wikidata.org/entity/Q131499,SL Benfica,112.0,2001-01-01T00:00:00Z,2011-01-01T00:00:00Z
http://www.wikidata.org/entity/Q710788,http://www.wikidata.org/entity/Q7387221,S.L. Benfica B,31.0,1999-01-01T00:00:00Z,2001-01-01T00:00:00Z
http://www.wikidata.org/entity/Q711319,http://www.wikidata.org/entity/Q701290,SSV Ulm 1846,16.0,2000-01-01T00:00:00Z,2001-01-01T00:00:00Z
http://www.wikidata.org/entity/Q711319,http://www.wikidata.org/entity/Q14551982,SSV Ulm 1846 Fußball,16.0,2000-01-01T00:00:00Z,2001-01-01T00:00:00Z
http://www.wikidata.org/entity/Q711319,http://www.wikidata.org/entity/Q211906,Brøndby IF,36.0,1998-01-01T00:00:00Z,2000-01-01T00:00:00Z
http://www.wikidata.org/entity/Q711319,http://www.wikidata.org/entity/Q105853,Karlsruher SC,17.0,2000-01-01T00:00:00Z,2000-01-01T00:00:00Z
http://www.wikidata.org/entity/Q711319,http://www.wikidata.org/entity/Q107818,FC Energie Cottbus,172.0,2001-01-01T00:00:00Z,2009-01-01T00:00:00Z
http://www.wikidata.org/entity/Q711319,http://www.wikidata.org/entity/Q2662116,Campo Grande Atlético Clube,,1994-01-01T00:00:00Z,1998-01-01T00:00:00Z
http://www.wikidata.org/entity/Q713078,http://www.wikidata.org/entity/Q19462,Charlton Athletic FC,27.0,2005-01-01T00:00:00Z,2006-01-01T00:00:00Z
http://www.wikidata.org/entity/Q713078,http://www.wikidata.org/entity/Q19467,Crystal Palace FC,3.0,1987-01-01T00:00:00Z,1990-01-01T00:00:00Z
http://www.wikidata.org/entity/Q713078,http://www.wikidata.org/entity/Q19470,Derby County FC,91.0,1996-01-01T00:00:00Z,1998-01-01T00:00:00Z
http://www.wikidata.org/entity/Q713078,http://www.wikidata.org/entity/Q19462,Charlton Athletic FC,17.0,2007-01-01T00:00:00Z,2008-01-01T00:00:00Z
http://www.wikidata.org/entity/Q713078,http://www.wikidata.org/entity/Q18747,West Ham United FC,13.0,2004-01-01T00:00:00Z,2004-01-01T00:00:00Z
http://www.wikidata.org/entity/Q713078,http://www.wikidata.org/entity/Q18747,West Ham United FC,23.0,2004-01-01T00:00:00Z,2005-01-01T00:00:00Z
http://www.wikidata.org/entity/Q713078,http://www.wikidata.org/entity/Q2300305,Aldershot Football Club,11.0,1990-01-01T00:00:00Z,1990-01-01T00:00:00Z
http://www.wikidata.org/entity/Q713078,http://www.wikidata.org/entity/Q19481,Leicester City FC,19.0,2008-01-01T00:00:00Z,2010-01-01T00:00:00Z
http://www.wikidata.org/entity/Q713078,http://www.wikidata.org/entity/Q47762,équipe d'Angleterre de football,5.0,2001-01-01T00:00:00Z,2002-01-01T00:00:00Z
http://www.wikidata.org/entity/Q713078,http://www.wikidata.org/entity/Q19462,Charlton Athletic FC,200.0,1998-01-01T00:00:00Z,2004-01-01T00:00:00Z
http://www.wikidata.org/entity/Q713078,http://www.wikidata.org/entity/Q2714,Watford Football Club,15.0,2006-01-01T00:00:00Z,2007-01-01T00:00:00Z
http://www.wikidata.org/entity/Q713078,http://www.wikidata.org/entity/Q48951,Southend United FC,248.0,1990-01-01T00:00:00Z,1996-01-01T00:00:00Z
http://www.wikidata.org/entity/Q713354,http://www.wikidata.org/entity/Q2087988,AC Sansovino,0.0,2008-01-01T00:00:00Z,2009-01-01T00:00:00Z
http://www.wikidata.org/entity/Q713354,http://www.wikidata.org/entity/Q1279917,Pistoiese Football Club,58.0,2000-01-01T00:00:00Z,2002-01-01T00:00:00Z
http://www.wikidata.org/entity/Q713354,http://www.wikidata.org/entity/Q8623,Ternana Unicusano Calcio,15.0,2000-01-01T00:00:00Z,2000-01-01T00:00:00Z
http://www.wikidata.org/entity/Q713354,http://www.wikidata.org/entity/Q6703,Empoli Football Club,26.0,1986-01-01T00:00:00Z,1987-01-01T00:00:00Z
http://www.wikidata.org/entity/Q713354,http://www.wikidata.org/entity/Q19470,Derby County FC,64.0,1997-01-01T00:00:00Z,2000-01-01T00:00:00Z
http://www.wikidata.org/entity/Q713354,http://www.wikidata.org/entity/Q676899,équipe d'Italie de football,2.0,1991-01-01T00:00:00Z,1991-01-01T00:00:00Z
http://www.wikidata.org/entity/Q713354,http://www.wikidata.org/entity/Q139399,Calcio Foggia 1920,69.0,1990-01-01T00:00:00Z,1992-01-01T00:00:00Z
http://www.wikidata.org/entity/Q713354,http://www.wikidata.org/entity/Q6703,Empoli Football Club,38.0,1988-01-01T00:00:00Z,1989-01-01T00:00:00Z
http://www.wikidata.org/entity/Q713354,http://www.wikidata.org/entity/Q298217,US Avellino,32.0,1989-01-01T00:00:00Z,1990-01-01T00:00:00Z
http://www.wikidata.org/entity/Q713354,http://www.wikidata.org/entity/Q2052,ACF Fiorentina,118.0,1992-01-01T00:00:00Z,1997-01-01T00:00:00Z
http://www.wikidata.org/entity/Q713354,http://www.wikidata.org/entity/Q2693,Parme Calcio 1913,25.0,1987-01-01T00:00:00Z,1988-01-01T00:00:00Z
http://www.wikidata.org/entity/Q713354,http://www.wikidata.org/entity/Q2641,Società Sportiva Calcio Napoli,5.0,1984-01-01T00:00:00Z,1990-01-01T00:00:00Z
http://www.wikidata.org/entity/Q713354,http://www.wikidata.org/entity/Q289696,AC Sangiovannese 1927,96.0,2002-01-01T00:00:00Z,2008-01-01T00:00:00Z
http://www.wikidata.org/entity/Q713661,http://www.wikidata.org/entity/Q157463,1. FC Sarrebruck,53.0,1990-01-01T00:00:00Z,1992-01-01T00:00:00Z
http://www.wikidata.org/entity/Q713661,http://www.wikidata.org/entity/Q142005,FC Hansa Rostock,47.0,1996-01-01T00:00:00Z,1997-01-01T00:00:00Z
http://www.wikidata.org/entity/Q713661,http://www.wikidata.org/entity/Q4512,VfB Stuttgart,58.0,1997-01-01T00:00:00Z,1999-01-01T00:00:00Z
http://www.wikidata.org/entity/Q713661,http://www.wikidata.org/entity/Q155186,FC Carl Zeiss Iéna,74.0,1992-01-01T00:00:00Z,1994-01-01T00:00:00Z
http://www.wikidata.org/entity/Q713661,http://www.wikidata.org/entity/Q181930,équipe du Nigéria de football,13.0,1995-01-01T00:00:00Z,2001-01-01T00:00:00Z
http://www.wikidata.org/entity/Q713661,http://www.wikidata.org/entity/Q101859,VfL Wolfsburg,39.0,1999-01-01T00:00:00Z,2001-01-01T00:00:00Z
http://www.wikidata.org/entity/Q713661,http://www.wikidata.org/entity/Q170105,SV Stuttgarter Kickers,32.0,1994-01-01T00:00:00Z,1995-01-01T00:00:00Z
http://www.wikidata.org/entity/Q713661,http://www.wikidata.org/entity/Q170134,SV Waldhof Mannheim,18.0,1995-01-01T00:00:00Z,1995-01-01T00:00:00Z
http://www.wikidata.org/entity/Q713661,http://www.wikidata.org/entity/Q157463,1. FC Sarrebruck,4.0,2001-01-01T00:00:00Z,2002-01-01T00:00:00Z
http://www.wikidata.org/entity/Q713815,http://www.wikidata.org/entity/Q1464421,équipe de Tchéquie espoirs de football,10.0,1994-01-01T00:00:00Z,1995-01-01T00:00:00Z
http://www.wikidata.org/entity/Q713815,http://www.wikidata.org/entity/Q131378,APOEL Nicosie,20.0,2003-01-01T00:00:00Z,2004-01-01T00:00:00Z
http://www.wikidata.org/entity/Q713815,http://www.wikidata.org/entity/Q131603,TSV Munich 1860,48.0,1999-01-01T00:00:00Z,2003-01-01T00:00:00Z
http://www.wikidata.org/entity/Q713815,http://www.wikidata.org/entity/Q193481,AC Sparta Prague,120.0,1991-01-01T00:00:00Z,1999-01-01T00:00:00Z
http://www.wikidata.org/entity/Q713815,http://www.wikidata.org/entity/Q1199965,Dukla Prague,9.0,1993-01-01T00:00:00Z,1993-01-01T00:00:00Z
http://www.wikidata.org/entity/Q713815,http://www.wikidata.org/entity/Q483868,équipe de Tchéquie de football,13.0,1998-01-01T00:00:00Z,2001-01-01T00:00:00Z
http://www.wikidata.org/entity/Q713815,http://www.wikidata.org/entity/Q141931,SG Dynamo Dresde,17.0,2006-01-01T00:00:00Z,2008-01-01T00:00:00Z
http://www.wikidata.org/entity/Q713815,http://www.wikidata.org/entity/Q153539,SpVgg Greuther Fürth,3.0,2004-01-01T00:00:00Z,2006-01-01T00:00:00Z
http://www.wikidata.org/entity/Q713895,http://www.wikidata.org/entity/Q207501,FK Vojvodina Novi Sad,96.0,2006-01-01T00:00:00Z,2010-01-01T00:00:00Z
http://www.wikidata.org/entity/Q713895,http://www.wikidata.org/entity/Q19603,FC Twente,85.0,2012-01-01T00:00:00Z,2014-01-01T00:00:00Z
http://www.wikidata.org/entity/Q713895,http://www.wikidata.org/entity/Q24711,FC Groningue,76.0,2010-01-01T00:00:00Z,2012-01-01T00:00:00Z
http://www.wikidata.org/entity/Q713895,http://www.wikidata.org/entity/Q182740,équipe de Serbie de football,111.0,2008-12-14T00:00:00Z,2024-01-01T00:00:00Z
http://www.wikidata.org/entity/Q713895,http://www.wikidata.org/entity/Q18732,Southampton FC,162.0,2014-01-01T00:00:00Z,2018-01-01T00:00:00Z
http://www.wikidata.org/entity/Q713895,http://www.wikidata.org/entity/Q81888,Ajax Amsterdam,161.0,2018-01-01T00:00:00Z,2023-01-01T00:00:00Z
http://www.wikidata.org/entity/Q713895,http://www.wikidata.org/entity/Q6601875,Fenerbahçe Istanbul,73.0,2023-01-01T00:00:00Z,2025-08-01T00:00:00Z
http://www.wikidata.org/entity/Q713895,http://www.wikidata.org/entity/Q2272209,équipe de Serbie espoirs de football,18.0,2007-09-08T00:00:00Z,2010-09-04T00:00:00Z
http://www.wikidata.org/entity/Q714198,http://www.wikidata.org/entity/Q134241,Feyenoord Rotterdam,35.0,2006-01-01T00:00:00Z,2009-01-01T00:00:00Z
http://www.wikidata.org/entity/Q714198,http://www.wikidata.org/entity/Q209895,Sparta Rotterdam,13.0,2008-01-01T00:00:00Z,2008-01-01T00:00:00Z
http://www.wikidata.org/entity/Q714198,http://www.wikidata.org/entity/Q1811026,équipe des Pays-Bas espoirs de football,16.0,2005-01-01T00:00:00Z,2007-01-01T00:00:00Z
http://www.wikidata.org/entity/Q714198,http://www.wikidata.org/entity/Q601723,équipe des Pays-Bas de football des moins de 17 ans,1.0,2002-01-01T00:00:00Z,2002-01-01T00:00:00Z
http://www.wikidata.org/entity/Q713895,http://www.wikidata.org/entity/Q283767,Al-Wahda Club,25.0,2025-08-01T00:00:00Z,2026-06-01T00:00:00Z
http://www.wikidata.org/entity/Q713895,http://www.wikidata.org/entity/Q318348,NEC Nimègue,0.0,2026-07-01T00:00:00Z,
http://www.wikidata.org/entity/Q696768,http://www.wikidata.org/entity/Q2387559,FC Tirol Innsbruck,113.0,1997-01-01T00:00:00Z,2001-01-01T00:00:00Z
http://www.wikidata.org/entity/Q696768,http://www.wikidata.org/entity/Q13363064,NK Olimpija Ljubljana,70.0,1993-01-01T00:00:00Z,1997-01-01T00:00:00Z
http://www.wikidata.org/entity/Q696768,http://www.wikidata.org/entity/Q172221,équipe de Slovénie de football,65.0,1998-01-01T00:00:00Z,2006-01-01T00:00:00Z
http://www.wikidata.org/entity/Q697062,http://www.wikidata.org/entity/Q316855,Hallescher FC,,2014-01-01T00:00:00Z,
http://www.wikidata.org/entity/Q697062,http://www.wikidata.org/entity/Q43310,équipe d'Allemagne de football,3.0,2004-01-01T00:00:00Z,2005-01-01T00:00:00Z
http://www.wikidata.org/entity/Q697062,http://www.wikidata.org/entity/Q170107,FC Rot-Weiss Erfurt,62.0,1998-01-01T00:00:00Z,2001-01-01T00:00:00Z
http://www.wikidata.org/entity/Q697062,http://www.wikidata.org/entity/Q15786,1. FC Nuremberg,45.0,2006-01-01T00:00:00Z,2009-01-01T00:00:00Z
http://www.wikidata.org/entity/Q697062,http://www.wikidata.org/entity/Q822990,équipe d'Allemagne de football B,6.0,2003-01-01T00:00:00Z,2004-01-01T00:00:00Z
http://www.wikidata.org/entity/Q697062,http://www.wikidata.org/entity/Q105853,Karlsruher SC,47.0,2009-01-01T00:00:00Z,2011-01-01T00:00:00Z
http://www.wikidata.org/entity/Q697062,http://www.wikidata.org/entity/Q105853,Karlsruher SC,83.0,2001-01-01T00:00:00Z,2004-01-01T00:00:00Z
http://www.wikidata.org/entity/Q697062,http://www.wikidata.org/entity/Q170107,FC Rot-Weiss Erfurt,89.0,2012-01-01T00:00:00Z,2014-01-01T00:00:00Z
http://www.wikidata.org/entity/Q697062,http://www.wikidata.org/entity/Q8466,1. FC Kaiserslautern,62.0,2004-01-01T00:00:00Z,2006-01-01T00:00:00Z
http://www.wikidata.org/entity/Q697062,http://www.wikidata.org/entity/Q314851,équipe d'Allemagne espoirs de football,4.0,1999-01-01T00:00:00Z,2000-01-01T00:00:00Z
http://www.wikidata.org/entity/Q697134,http://www.wikidata.org/entity/Q457460,SV Ried,26.0,2011-01-01T00:00:00Z,2012-01-01T00:00:00Z
http://www.wikidata.org/entity/Q697134,http://www.wikidata.org/entity/Q639525,SV Sandhausen,7.0,2013-01-01T00:00:00Z,2013-01-01T00:00:00Z
http://www.wikidata.org/entity/Q697134,http://www.wikidata.org/entity/Q163534,équipe d'Autriche de football,5.0,2009-01-01T00:00:00Z,2010-01-01T00:00:00Z
http://www.wikidata.org/entity/Q697134,http://www.wikidata.org/entity/Q303033,équipe d'Autriche espoirs de football,,2008-01-01T00:00:00Z,
http://www.wikidata.org/entity/Q697134,http://www.wikidata.org/entity/Q124007617,SK Sturm Graz,50.0,2013-01-01T00:00:00Z,2015-01-01T00:00:00Z
http://www.wikidata.org/entity/Q697134,http://www.wikidata.org/entity/Q920263,Hertha Berliner Sport-Club II,7.0,2010-01-01T00:00:00Z,2013-01-01T00:00:00Z
http://www.wikidata.org/entity/Q697134,http://www.wikidata.org/entity/Q102720,Hertha BSC,1.0,2010-01-01T00:00:00Z,2013-01-01T00:00:00Z
http://www.wikidata.org/entity/Q697134,http://www.wikidata.org/entity/Q154293,MSV Duisbourg,1.0,2011-01-01T00:00:00Z,2011-01-01T00:00:00Z
http://www.wikidata.org/entity/Q697134,http://www.wikidata.org/entity/Q659212,FC Saint-Gall,7.0,2011-01-01T00:00:00Z,2011-01-01T00:00:00Z
http://www.wikidata.org/entity/Q697134,http://www.wikidata.org/entity/Q8476,Reggina 1914,0.0,2007-01-01T00:00:00Z,2007-01-01T00:00:00Z
http://www.wikidata.org/entity/Q697134,http://www.wikidata.org/entity/Q427491,SKNV St. Pölten,,2015-01-01T00:00:00Z,
http://www.wikidata.org/entity/Q697134,http://www.wikidata.org/entity/Q124007617,SK Sturm Graz,64.0,2006-01-01T00:00:00Z,2010-01-01T00:00:00Z
http://www.wikidata.org/entity/Q697242,http://www.wikidata.org/entity/Q101859,VfL Wolfsburg,142.0,2003-01-01T00:00:00Z,2009-01-01T00:00:00Z
http://www.wikidata.org/entity/Q697242,http://www.wikidata.org/entity/Q157464,KFC Uerdingen 05,0.0,1994-01-01T00:00:00Z,1995-01-01T00:00:00Z
http://www.wikidata.org/entity/Q697242,http://www.wikidata.org/entity/Q131603,TSV Munich 1860,93.0,2000-01-01T00:00:00Z,2003-01-01T00:00:00Z
http://www.wikidata.org/entity/Q697242,http://www.wikidata.org/entity/Q1201992,équipe d'Allemagne de football A2,2.0,1999-01-01T00:00:00Z,2001-01-01T00:00:00Z
http://www.wikidata.org/entity/Q697242,http://www.wikidata.org/entity/Q15755,FC Augsbourg,98.0,2009-01-01T00:00:00Z,2013-01-01T00:00:00Z
http://www.wikidata.org/entity/Q697242,http://www.wikidata.org/entity/Q822990,équipe d'Allemagne de football B,9.0,1999-01-01T00:00:00Z,2005-01-01T00:00:00Z
http://www.wikidata.org/entity/Q697242,http://www.wikidata.org/entity/Q17354166,Team 2006,7.0,2002-01-01T00:00:00Z,2005-01-01T00:00:00Z
http://www.wikidata.org/entity/Q697242,http://www.wikidata.org/entity/Q314851,équipe d'Allemagne espoirs de football,12.0,1996-01-01T00:00:00Z,1998-01-01T00:00:00Z
http://www.wikidata.org/entity/Q697242,http://www.wikidata.org/entity/Q105853,Karlsruher SC,69.0,1995-01-01T00:00:00Z,2000-01-01T00:00:00Z
http://www.wikidata.org/entity/Q697632,http://www.wikidata.org/entity/Q427446,CD Universidad Católica,59.0,1996-01-01T00:00:00Z,1999-01-01T00:00:00Z
http://www.wikidata.org/entity/Q697632,http://www.wikidata.org/entity/Q8615,Spezia Calcio,7.0,2009-01-01T00:00:00Z,2010-01-01T00:00:00Z
http://www.wikidata.org/entity/Q697632,http://www.wikidata.org/entity/Q1023191,Club Deportivo Huachipato,11.0,1995-01-01T00:00:00Z,1996-01-01T00:00:00Z
http://www.wikidata.org/entity/Q697632,http://www.wikidata.org/entity/Q2447092,Club Deportivo San Luis de Quillota,13.0,2010-01-01T00:00:00Z,2010-01-01T00:00:00Z
http://www.wikidata.org/entity/Q697632,http://www.wikidata.org/entity/Q6767,US Livourne 1915,55.0,2004-01-01T00:00:00Z,2006-01-01T00:00:00Z
http://www.wikidata.org/entity/Q697632,http://www.wikidata.org/entity/Q994811,Red Bull Salzbourg,49.0,2006-01-01T00:00:00Z,2008-01-01T00:00:00Z
http://www.wikidata.org/entity/Q697632,http://www.wikidata.org/entity/Q2407595,Club de Deportes Coquimbo Unido,12.0,1997-01-01T00:00:00Z,1997-01-01T00:00:00Z
http://www.wikidata.org/entity/Q697632,http://www.wikidata.org/entity/Q172025,équipe du Chili de football,51.0,1999-01-01T00:00:00Z,2007-01-01T00:00:00Z
http://www.wikidata.org/entity/Q697632,http://www.wikidata.org/entity/Q6703,Empoli Football Club,17.0,2003-01-01T00:00:00Z,2004-01-01T00:00:00Z
http://www.wikidata.org/entity/Q697632,http://www.wikidata.org/entity/Q6703,Empoli Football Club,20.0,2008-01-01T00:00:00Z,2009-01-01T00:00:00Z
http://www.wikidata.org/entity/Q697632,http://www.wikidata.org/entity/Q8476,Reggina 1914,97.0,1999-01-01T00:00:00Z,2003-01-01T00:00:00Z
http://www.wikidata.org/entity/Q697632,http://www.wikidata.org/entity/Q642098,Club de Deportes La Serena,29.0,2011-01-01T00:00:00Z,2012-01-01T00:00:00Z
http://www.wikidata.org/entity/Q698661,http://www.wikidata.org/entity/Q8466,1. FC Kaiserslautern,117.0,1996-01-01T00:00:00Z,2001-01-01T00:00:00Z
http://www.wikidata.org/entity/Q698661,http://www.wikidata.org/entity/Q131785,équipe du Danemark de football,44.0,1995-01-01T00:00:00Z,2000-01-01T00:00:00Z
http://www.wikidata.org/entity/Q698661,http://www.wikidata.org/entity/Q211912,Odense Boldklub,64.0,1994-01-01T00:00:00Z,1996-01-01T00:00:00Z
http://www.wikidata.org/entity/Q698661,http://www.wikidata.org/entity/Q389879,Esbjerg fB,89.0,1987-01-01T00:00:00Z,1990-01-01T00:00:00Z
http://www.wikidata.org/entity/Q698661,http://www.wikidata.org/entity/Q33748,Hanovre 96,123.0,1990-01-01T00:00:00Z,1994-01-01T00:00:00Z
http://www.wikidata.org/entity/Q698683,http://www.wikidata.org/entity/Q974389,SG 01 Hoechst,24.0,1989-01-01T00:00:00Z,1990-01-01T00:00:00Z
http://www.wikidata.org/entity/Q698683,http://www.wikidata.org/entity/Q1131732,équipe de Serbie-et-Monténégro de football,22.0,1994-01-01T00:00:00Z,2000-01-01T00:00:00Z
http://www.wikidata.org/entity/Q698683,http://www.wikidata.org/entity/Q131603,TSV Munich 1860,35.0,2004-01-01T00:00:00Z,2006-01-01T00:00:00Z
http://www.wikidata.org/entity/Q698683,http://www.wikidata.org/entity/Q154293,MSV Duisbourg,64.0,1997-01-01T00:00:00Z,1999-01-01T00:00:00Z
http://www.wikidata.org/entity/Q698683,http://www.wikidata.org/entity/Q14118284,Eintracht Frankfurt II,32.0,1990-01-01T00:00:00Z,1992-01-01T00:00:00Z
http://www.wikidata.org/entity/Q698683,http://www.wikidata.org/entity/Q38245,Eintracht Francfort,134.0,1992-01-01T00:00:00Z,1997-01-01T00:00:00Z
http://www.wikidata.org/entity/Q698683,http://www.wikidata.org/entity/Q8466,1. FC Kaiserslautern,39.0,1999-01-01T00:00:00Z,2001-01-01T00:00:00Z
http://www.wikidata.org/entity/Q698683,http://www.wikidata.org/entity/Q38245,Eintracht Francfort,,1990-01-01T00:00:00Z,1991-01-01T00:00:00Z
http://www.wikidata.org/entity/Q698683,http://www.wikidata.org/entity/Q10308,Real Saragosse,38.0,2001-01-01T00:00:00Z,2003-01-01T00:00:00Z
http://www.wikidata.org/entity/Q698683,http://www.wikidata.org/entity/Q161034,SV Wacker Burghausen,15.0,2004-01-01T00:00:00Z,2004-01-01T00:00:00Z
http://www.wikidata.org/entity/Q698810,http://www.wikidata.org/entity/Q265570,SSV Jahn Ratisbonne,13.0,2013-01-01T00:00:00Z,2013-01-01T00:00:00Z
http://www.wikidata.org/entity/Q698810,http://www.wikidata.org/entity/Q160530,VfL Osnabrück,25.0,2003-01-01T00:00:00Z,2004-01-01T00:00:00Z
http://www.wikidata.org/entity/Q698810,http://www.wikidata.org/entity/Q15786,1. FC Nuremberg,0.0,2010-01-01T00:00:00Z,2011-01-01T00:00:00Z
http://www.wikidata.org/entity/Q698810,http://www.wikidata.org/entity/Q33748,Hanovre 96,0.0,1999-01-01T00:00:00Z,2003-01-01T00:00:00Z
http://www.wikidata.org/entity/Q698810,http://www.wikidata.org/entity/Q102720,Hertha BSC,2.0,2009-01-01T00:00:00Z,2010-01-01T00:00:00Z
http://www.wikidata.org/entity/Q698810,http://www.wikidata.org/entity/Q157463,1. FC Sarrebruck,38.0,2013-01-01T00:00:00Z,2014-01-01T00:00:00Z
http://www.wikidata.org/entity/Q698810,http://www.wikidata.org/entity/Q4545849,FC Nuremberg II,9.0,2010-01-01T00:00:00Z,2011-01-01T00:00:00Z
http://www.wikidata.org/entity/Q698810,http://www.wikidata.org/entity/Q994811,Red Bull Salzbourg,85.0,2006-01-01T00:00:00Z,2009-01-01T00:00:00Z
http://www.wikidata.org/entity/Q698810,http://www.wikidata.org/entity/Q131603,TSV Munich 1860,47.0,2004-01-01T00:00:00Z,2006-01-01T00:00:00Z
http://www.wikidata.org/entity/Q698810,http://www.wikidata.org/entity/Q131603,TSV Munich 1860,1.0,2011-01-01T00:00:00Z,2013-01-01T00:00:00Z
http://www.wikidata.org/entity/Q698901,http://www.wikidata.org/entity/Q163534,équipe d'Autriche de football,47.0,1993-01-01T00:00:00Z,2004-01-01T00:00:00Z
http://www.wikidata.org/entity/Q698901,http://www.wikidata.org/entity/Q15789,Bayern Munich,16.0,1992-01-01T00:00:00Z,1993-01-01T00:00:00Z
http://www.wikidata.org/entity/Q698901,http://www.wikidata.org/entity/Q994701,FC Bayern München II,22.0,1990-01-01T00:00:00Z,1992-01-01T00:00:00Z
http://www.wikidata.org/entity/Q698901,http://www.wikidata.org/entity/Q698702,Admira Wacker,22.0,1993-01-01T00:00:00Z,1994-01-01T00:00:00Z
http://www.wikidata.org/entity/Q698901,http://www.wikidata.org/entity/Q131603,TSV Munich 1860,213.0,1996-01-01T00:00:00Z,2007-01-01T00:00:00Z
http://www.wikidata.org/entity/Q698901,http://www.wikidata.org/entity/Q2387559,FC Tirol Innsbruck,52.0,1994-01-01T00:00:00Z,1996-01-01T00:00:00Z
http://www.wikidata.org/entity/Q698901,http://www.wikidata.org/entity/Q15789,Bayern Munich,16.0,1990-01-01T00:00:00Z,1992-01-01T00:00:00Z
http://www.wikidata.org/entity/Q699062,http://www.wikidata.org/entity/Q19598,Notts County FC,11.0,2013-01-01T00:00:00Z,2013-01-01T00:00:00Z
http://www.wikidata.org/entity/Q699062,http://www.wikidata.org/entity/Q9426,Stevenage FC,45.0,2012-01-01T00:00:00Z,2014-01-01T00:00:00Z
http://www.wikidata.org/entity/Q699062,http://www.wikidata.org/entity/Q2008499,Whitecaps de Vancouver,30.0,2009-01-01T00:00:00Z,2009-01-01T00:00:00Z
http://www.wikidata.org/entity/Q699062,http://www.wikidata.org/entity/Q18744,West Bromwich Albion,0.0,2010-01-01T00:00:00Z,2011-01-01T00:00:00Z
http://www.wikidata.org/entity/Q699062,http://www.wikidata.org/entity/Q208635,équipe du Canada de soccer,,2010-01-01T00:00:00Z,
http://www.wikidata.org/entity/Q699062,http://www.wikidata.org/entity/Q268776,Saint Johnstone Football Club,31.0,2011-01-01T00:00:00Z,2012-01-01T00:00:00Z
http://www.wikidata.org/entity/Q699062,http://www.wikidata.org/entity/Q3590639,équipe du Canada de soccer des moins de 17 ans,2.0,2005-01-01T00:00:00Z,2005-01-01T00:00:00Z
http://www.wikidata.org/entity/Q699062,http://www.wikidata.org/entity/Q268776,Saint Johnstone Football Club,11.0,2010-01-01T00:00:00Z,2010-01-01T00:00:00Z
http://www.wikidata.org/entity/Q699062,http://www.wikidata.org/entity/Q48939,Exeter City FC,5.0,2010-01-01T00:00:00Z,2010-01-01T00:00:00Z
http://www.wikidata.org/entity/Q699062,http://www.wikidata.org/entity/Q5029522,équipe du Canada de soccer des moins de 20 ans,21.0,2006-01-01T00:00:00Z,2009-01-01T00:00:00Z
http://www.wikidata.org/entity/Q699062,http://www.wikidata.org/entity/Q2008499,Whitecaps de Vancouver,30.0,2009-01-01T00:00:00Z,2010-01-01T00:00:00Z
http://www.wikidata.org/entity/Q699062,http://www.wikidata.org/entity/Q2008499,Whitecaps de Vancouver,11.0,2010-01-01T00:00:00Z,2010-01-01T00:00:00Z
http://www.wikidata.org/entity/Q699062,http://www.wikidata.org/entity/Q3590639,équipe du Canada de soccer des moins de 17 ans,6.0,2008-01-01T00:00:00Z,2012-01-01T00:00:00Z
http://www.wikidata.org/entity/Q699062,http://www.wikidata.org/entity/Q19587,Crewe Alexandra FC,,2014-01-01T00:00:00Z,
http://www.wikidata.org/entity/Q699062,http://www.wikidata.org/entity/Q196107,Whitecaps de Vancouver,30.0,2009-01-01T00:00:00Z,2010-01-01T00:00:00Z
http://www.wikidata.org/entity/Q699279,http://www.wikidata.org/entity/Q994811,Red Bull Salzbourg,98.0,2005-01-01T00:00:00Z,2008-01-01T00:00:00Z
http://www.wikidata.org/entity/Q699279,http://www.wikidata.org/entity/Q324589,CA Lanús,189.0,1998-01-01T00:00:00Z,2005-01-01T00:00:00Z
http://www.wikidata.org/entity/Q699279,http://www.wikidata.org/entity/Q2018,Catania Football Club,78.0,2008-01-01T00:00:00Z,2011-01-01T00:00:00Z
http://www.wikidata.org/entity/Q699279,http://www.wikidata.org/entity/Q692646,CA Banfield,14.0,2011-01-01T00:00:00Z,2012-01-01T00:00:00Z
http://www.wikidata.org/entity/Q700357,http://www.wikidata.org/entity/Q303033,équipe d'Autriche espoirs de football,7.0,2007-01-01T00:00:00Z,2008-01-01T00:00:00Z
http://www.wikidata.org/entity/Q688299,http://www.wikidata.org/entity/Q447934,MTV Ingolstadt,28.0,1987-01-01T00:00:00Z,1988-01-01T00:00:00Z
http://www.wikidata.org/entity/Q688299,http://www.wikidata.org/entity/Q131603,TSV Munich 1860,179.0,1989-01-01T00:00:00Z,1995-01-01T00:00:00Z
http://www.wikidata.org/entity/Q688299,http://www.wikidata.org/entity/Q153539,SpVgg Greuther Fürth,66.0,1983-01-01T00:00:00Z,1985-01-01T00:00:00Z
http://www.wikidata.org/entity/Q688299,http://www.wikidata.org/entity/Q15786,1. FC Nuremberg,173.0,1995-01-01T00:00:00Z,2002-01-01T00:00:00Z
http://www.wikidata.org/entity/Q688299,http://www.wikidata.org/entity/Q15755,FC Augsbourg,30.0,1988-01-01T00:00:00Z,1989-01-01T00:00:00Z
http://www.wikidata.org/entity/Q688299,http://www.wikidata.org/entity/Q15786,1. FC Nuremberg,67.0,1985-01-01T00:00:00Z,1987-01-01T00:00:00Z
http://www.wikidata.org/entity/Q688954,http://www.wikidata.org/entity/Q131603,TSV Munich 1860,86.0,2002-01-01T00:00:00Z,2006-01-01T00:00:00Z
http://www.wikidata.org/entity/Q688954,http://www.wikidata.org/entity/Q309456,FC Lausanne-Sport,64.0,2000-01-01T00:00:00Z,2002-01-01T00:00:00Z
http://www.wikidata.org/entity/Q688954,http://www.wikidata.org/entity/Q223262,FC Lucerne,37.0,1997-01-01T00:00:00Z,2000-01-01T00:00:00Z
http://www.wikidata.org/entity/Q688954,http://www.wikidata.org/entity/Q994811,Red Bull Salzbourg,45.0,2006-01-01T00:00:00Z,2009-01-01T00:00:00Z
http://www.wikidata.org/entity/Q688954,http://www.wikidata.org/entity/Q678582,équipe de Suisse espoirs de football,22.0,1998-01-01T00:00:00Z,2002-01-01T00:00:00Z
http://www.wikidata.org/entity/Q688954,http://www.wikidata.org/entity/Q165141,équipe de Suisse de football,5.0,2002-01-01T00:00:00Z,2004-01-01T00:00:00Z
http://www.wikidata.org/entity/Q689063,http://www.wikidata.org/entity/Q382324,Kuopion Palloseura,8.0,2010-01-01T00:00:00Z,2010-01-01T00:00:00Z
http://www.wikidata.org/entity/Q689063,http://www.wikidata.org/entity/Q328687,équipe de Namibie de football,31.0,2002-01-01T00:00:00Z,2011-01-01T00:00:00Z
http://www.wikidata.org/entity/Q689063,http://www.wikidata.org/entity/Q2469554,Manglerud Star Toppfotball,15.0,2009-01-01T00:00:00Z,2009-01-01T00:00:00Z
http://www.wikidata.org/entity/Q689063,http://www.wikidata.org/entity/Q9426,Stevenage FC,6.0,2012-01-01T00:00:00Z,2012-01-01T00:00:00Z
http://www.wikidata.org/entity/Q689063,http://www.wikidata.org/entity/Q382324,Kuopion Palloseura,8.0,2010-01-01T00:00:00Z,2011-01-01T00:00:00Z
http://www.wikidata.org/entity/Q689063,http://www.wikidata.org/entity/Q48862,Aldershot Town Football Club,5.0,2012-01-01T00:00:00Z,2013-01-01T00:00:00Z
http://www.wikidata.org/entity/Q689063,http://www.wikidata.org/entity/Q1999744,Ramblers Football Club,,2014-01-01T00:00:00Z,
http://www.wikidata.org/entity/Q689063,http://www.wikidata.org/entity/Q9426,Stevenage FC,12.0,2012-01-01T00:00:00Z,2013-01-01T00:00:00Z
http://www.wikidata.org/entity/Q689063,http://www.wikidata.org/entity/Q737937,FK Lyn,7.0,2009-01-01T00:00:00Z,2009-01-01T00:00:00Z
http://www.wikidata.org/entity/Q689063,http://www.wikidata.org/entity/Q325223,SpVgg EGC Wirges,21.0,1999-01-01T00:00:00Z,2003-01-01T00:00:00Z
http://www.wikidata.org/entity/Q689063,http://www.wikidata.org/entity/Q737937,FK Lyn,7.0,2009-01-01T00:00:00Z,2010-01-01T00:00:00Z
http://www.wikidata.org/entity/Q689063,http://www.wikidata.org/entity/Q377953,Breiðablik Kopavogur,6.0,2006-01-01T00:00:00Z,2006-01-01T00:00:00Z
http://www.wikidata.org/entity/Q689063,http://www.wikidata.org/entity/Q33748,Hanovre 96,6.0,2008-01-01T00:00:00Z,2008-01-01T00:00:00Z
http://www.wikidata.org/entity/Q689063,http://www.wikidata.org/entity/Q865720,Borussia Dortmund II,33.0,2003-01-01T00:00:00Z,2005-01-01T00:00:00Z
http://www.wikidata.org/entity/Q689063,http://www.wikidata.org/entity/Q408554,Airdrie United Football Club,1.0,2002-01-01T00:00:00Z,2002-01-01T00:00:00Z
http://www.wikidata.org/entity/Q689063,http://www.wikidata.org/entity/Q1999744,Ramblers Football Club,,2000-01-01T00:00:00Z,2001-01-01T00:00:00Z
http://www.wikidata.org/entity/Q689063,http://www.wikidata.org/entity/Q568276,Bonner SC,32.0,2006-01-01T00:00:00Z,2007-01-01T00:00:00Z
http://www.wikidata.org/entity/Q689063,http://www.wikidata.org/entity/Q639525,SV Sandhausen,28.0,2005-01-01T00:00:00Z,2006-01-01T00:00:00Z
http://www.wikidata.org/entity/Q689063,http://www.wikidata.org/entity/Q737937,FK Lyn,11.0,2010-01-01T00:00:00Z,2010-01-01T00:00:00Z
http://www.wikidata.org/entity/Q689063,http://www.wikidata.org/entity/Q2303493,Eastleigh Football Club,,2014-01-01T00:00:00Z,
http://www.wikidata.org/entity/Q689063,http://www.wikidata.org/entity/Q19634,Swindon Town Football Club,32.0,2011-01-01T00:00:00Z,2013-01-01T00:00:00Z
http://www.wikidata.org/entity/Q689063,http://www.wikidata.org/entity/Q48862,Aldershot Town Football Club,14.0,2013-01-01T00:00:00Z,2013-01-01T00:00:00Z
http://www.wikidata.org/entity/Q689063,http://www.wikidata.org/entity/Q610447,Cowdenbeath Football Club,1.0,2002-01-01T00:00:00Z,2002-01-01T00:00:00Z
http://www.wikidata.org/entity/Q690876,http://www.wikidata.org/entity/Q291691,ÍA Akranes,2.0,1997-01-01T00:00:00Z,1997-01-01T00:00:00Z
http://www.wikidata.org/entity/Q690876,http://www.wikidata.org/entity/Q192873,Dundee United FC,6.0,2002-01-01T00:00:00Z,2003-01-01T00:00:00Z
http://www.wikidata.org/entity/Q690876,http://www.wikidata.org/entity/Q5985726,équipe d'Islande de football des moins de 19 ans,13.0,1988-01-01T00:00:00Z,1990-01-01T00:00:00Z
http://www.wikidata.org/entity/Q690876,http://www.wikidata.org/entity/Q19451,Bolton Wanderers FC,42.0,1997-01-01T00:00:00Z,1999-01-01T00:00:00Z
http://www.wikidata.org/entity/Q690876,http://www.wikidata.org/entity/Q134241,Feyenoord Rotterdam,,1993-01-01T00:00:00Z,1994-01-01T00:00:00Z
http://www.wikidata.org/entity/Q690876,http://www.wikidata.org/entity/Q189198,équipe d'Islande de football,32.0,1993-01-01T00:00:00Z,2003-01-01T00:00:00Z
http://www.wikidata.org/entity/Q690876,http://www.wikidata.org/entity/Q1151908,Haukar Hafnarfjörður,18.0,2009-01-01T00:00:00Z,2010-01-01T00:00:00Z
http://www.wikidata.org/entity/Q690876,http://www.wikidata.org/entity/Q19512,Football Club Sochaux-Montbéliard,2.0,1995-01-01T00:00:00Z,1997-01-01T00:00:00Z
http://www.wikidata.org/entity/Q690876,http://www.wikidata.org/entity/Q221702,KR Reykjavik,,2003-01-01T00:00:00Z,2005-01-01T00:00:00Z
http://www.wikidata.org/entity/Q690876,http://www.wikidata.org/entity/Q18736,Stoke City FC,13.0,2000-01-01T00:00:00Z,2000-01-01T00:00:00Z
http://www.wikidata.org/entity/Q690876,http://www.wikidata.org/entity/Q752278,Fram Reykjavik,14.0,2011-01-01T00:00:00Z,2011-01-01T00:00:00Z
http://www.wikidata.org/entity/Q690876,http://www.wikidata.org/entity/Q498536,FH Hafnarfjörður,12.0,2007-01-01T00:00:00Z,2008-01-01T00:00:00Z
http://www.wikidata.org/entity/Q690876,http://www.wikidata.org/entity/Q291691,ÍA Akranes,14.0,2008-01-01T00:00:00Z,2009-01-01T00:00:00Z
http://www.wikidata.org/entity/Q690876,http://www.wikidata.org/entity/Q19481,Leicester City FC,30.0,1999-01-01T00:00:00Z,2002-01-01T00:00:00Z
http://www.wikidata.org/entity/Q690876,http://www.wikidata.org/entity/Q15786,1. FC Nuremberg,28.0,1994-01-01T00:00:00Z,1995-01-01T00:00:00Z
http://www.wikidata.org/entity/Q690876,http://www.wikidata.org/entity/Q1151908,Haukar Hafnarfjörður,18.0,2010-01-01T00:00:00Z,2010-01-01T00:00:00Z
http://www.wikidata.org/entity/Q690876,http://www.wikidata.org/entity/Q597715,Valur Reykjavik,4.0,2009-01-01T00:00:00Z,2009-01-01T00:00:00Z
http://www.wikidata.org/entity/Q690876,http://www.wikidata.org/entity/Q3589828,équipe d'Islande de football des moins de 17 ans,7.0,1988-01-01T00:00:00Z,1988-01-01T00:00:00Z
http://www.wikidata.org/entity/Q690876,http://www.wikidata.org/entity/Q18736,Stoke City FC,9.0,2002-01-01T00:00:00Z,2002-01-01T00:00:00Z
http://www.wikidata.org/entity/Q690876,http://www.wikidata.org/entity/Q221702,KR Reykjavik,34.0,2003-01-01T00:00:00Z,2006-01-01T00:00:00Z
http://www.wikidata.org/entity/Q690876,http://www.wikidata.org/entity/Q291691,ÍA Akranes,30.0,1989-01-01T00:00:00Z,1992-01-01T00:00:00Z
http://www.wikidata.org/entity/Q690876,http://www.wikidata.org/entity/Q291691,ÍA Ak
